Model,MAE,RMSE,MAPE (%)
Baseline GraphWaveNet,4.860832122873317,12.482291935798612,10.336956663917382
Optimized GraphWaveNet,4.613900365969072,11.842743639789024,10.235241163063822
