{
  "epoch": [
    1,
    2,
    3,
    4,
    5,
    6,
    7,
    8,
    9,
    10,
    11,
    12,
    13,
    14,
    15,
    16,
    17,
    18,
    19,
    20,
    21,
    22,
    23,
    24,
    25,
    26,
    27,
    28,
    29,
    30,
    31,
    32,
    33,
    34,
    35,
    36,
    37,
    38,
    39,
    40,
    41,
    42,
    43,
    44,
    45,
    46,
    47,
    48,
    49,
    50,
    51,
    52,
    53,
    54,
    55,
    56,
    57,
    58,
    59,
    60,
    61,
    62,
    63,
    64,
    65,
    66,
    67,
    68,
    69,
    70,
    71,
    72,
    73,
    74,
    75,
    76,
    77,
    78,
    79,
    80,
    81,
    82,
    83,
    84,
    85,
    86,
    87,
    88,
    89,
    90,
    91,
    92,
    93,
    94,
    95,
    96,
    97,
    98,
    99,
    100
  ],
  "train_loss": [
    0.2902829521834248,
    0.24482784442829364,
    0.23703783497665867,
    0.23376412215557965,
    0.2310969640359734,
    0.22867093783135367,
    0.22794564182710167,
    0.22960931603053603,
    0.2251422039487145,
    0.22571188906828563,
    0.22732255863721926,
    0.22503604792585277,
    0.22435861467713059,
    0.22426444499781636,
    0.22332646660130434,
    0.22348430578154746,
    0.22366499542587936,
    0.222800334670929,
    0.22127960851096143,
    0.2214097128221483,
    0.22134111501050718,
    0.22094756929260312,
    0.22194359237798536,
    0.22141193404342188,
    0.22076424990940577,
    0.22160061910898998,
    0.22019362410511634,
    0.22067247397369807,
    0.2196875404528897,
    0.2197384954552458,
    0.22079337538793833,
    0.2192263695627752,
    0.21927567959734887,
    0.22059573120240009,
    0.2189076396100449,
    0.21921528437823962,
    0.2197263616805125,
    0.22014683594908377,
    0.21884220663947287,
    0.21761754260520744,
    0.21843594202790598,
    0.21856293457024026,
    0.21533204616621288,
    0.2149201913313432,
    0.21460749866685483,
    0.21453375083328496,
    0.21460632234811783,
    0.21521677031661524,
    0.21495324377760744,
    0.21449901759624482,
    0.21443268626627296,
    0.21462168827502415,
    0.2127474299735493,
    0.21250185228959478,
    0.21243136361090822,
    0.21198352323939101,
    0.21242014166682657,
    0.2123401201132572,
    0.21202532319408474,
    0.21243544105026457,
    0.21243774058541867,
    0.21231087860133913,
    0.21236105374615602,
    0.2120022703150306,
    0.21159061523097933,
    0.21185537972534546,
    0.21102082410244027,
    0.21085930377847018,
    0.21089050641866647,
    0.21064784282987767,
    0.21070197335999422,
    0.21059332402667613,
    0.21051347476966453,
    0.21050985952218373,
    0.21048113837687657,
    0.21061007115576003,
    0.21026340625201814,
    0.2103303757580844,
    0.21039419250957894,
    0.2102158760181581,
    0.21014603483255465,
    0.21008685751996858,
    0.2095114337826016,
    0.20943716115722752,
    0.209330500045208,
    0.20942321382086687,
    0.2092216518039655,
    0.2094428911654636,
    0.2089623200471955,
    0.20892454667223825,
    0.20873435969003523,
    0.20894723376541427,
    0.20907366043991513,
    0.208925164031862,
    0.20882440773826658,
    0.20877417735379153,
    0.20877607667987996,
    0.2086436739473632,
    0.20865482477226643,
    0.2085630255064579
  ],
  "val_mae": [
    4.325359174562708,
    4.128954220220696,
    4.127453296818093,
    4.096994628928842,
    4.074300033239847,
    4.0703443823982965,
    4.035060084458716,
    4.038185017316897,
    4.026561437882871,
    4.058212456167614,
    4.11897435082406,
    4.191168098973702,
    4.049720552824071,
    4.025943889321092,
    3.991188803130905,
    4.0050234063248755,
    4.012025417032581,
    4.1135467271032065,
    4.037089747322695,
    3.97522671582534,
    3.9823027579118055,
    4.06966937863331,
    4.085846840910474,
    3.9900443716792027,
    3.9702126531215973,
    3.9843534534056846,
    4.043619103786864,
    3.967842330622181,
    4.050093122926795,
    3.9534255819438058,
    4.0431120207948466,
    4.01434862898458,
    4.032395132050292,
    3.952088524226647,
    4.020696284087579,
    3.9281075692148253,
    3.9571697135747805,
    4.005144042263339,
    3.962220129144178,
    3.9838516707164544,
    3.942235901156591,
    3.973158497021008,
    3.9230201636201034,
    3.938205822522123,
    3.9199098357851554,
    3.8955995811287036,
    3.9275925482504617,
    3.910893208933524,
    3.9709263791945015,
    3.935713836581627,
    3.981046441236025,
    3.947343366924443,
    3.8902967226696457,
    3.8975620307784005,
    3.8917784168152902,
    3.8984493049393194,
    3.8804941340380994,
    3.890115854309453,
    3.8906193649857497,
    3.872527517261457,
    3.8837014705082513,
    3.8879604918303072,
    3.8864450392403436,
    3.8964136976019823,
    3.9046750700136306,
    3.8997983083046233,
    3.8735254696316033,
    3.866822666404119,
    3.8704814464604347,
    3.8682111451567986,
    3.8728439454898504,
    3.878829274264008,
    3.866071570882818,
    3.8733130209108264,
    3.8792643048560764,
    3.860709624834333,
    3.9025438744117777,
    3.8660313991703723,
    3.8605385345179775,
    3.862007779542053,
    3.8704237062077764,
    3.8922314602563066,
    3.8667950862689278,
    3.8692517566157347,
    3.8663714012144075,
    3.8624875264968845,
    3.8658924878311263,
    3.860890958428504,
    3.8627131037467626,
    3.857386853243362,
    3.8606811103680263,
    3.861564104875567,
    3.8621393731028593,
    3.8605460828968505,
    3.8593266959428965,
    3.8666201337095973,
    3.8627220490969316,
    3.8614905573370306,
    3.862999166007262,
    3.855993677029212
  ],
  "val_rmse": [
    9.477125345263081,
    9.227714834476291,
    9.206020738667553,
    9.080132414165094,
    9.143035817300444,
    9.007674561519298,
    9.003687197330324,
    9.049903883730932,
    9.066730837691242,
    9.080083416023795,
    9.209536561616678,
    9.350677302826238,
    8.983404346847829,
    9.012387776648634,
    9.027995464475657,
    9.024481356122497,
    8.908513353305255,
    8.998514153205681,
    9.08703163670704,
    8.88425559749323,
    9.050135594092557,
    9.085591892344958,
    8.982051322639698,
    8.922950240042445,
    9.008778195074298,
    8.906834698102186,
    8.855235710239588,
    9.012500390759534,
    9.134339146415448,
    8.86695283809731,
    8.908501864575413,
    8.950136210157627,
    9.058194033491043,
    8.93713751850609,
    8.875568363809798,
    8.950941426269807,
    8.911569305854234,
    9.006941833556809,
    8.907711904850407,
    8.91061489705378,
    8.986009491162354,
    8.932068791689549,
    8.888284618535183,
    8.866426461186673,
    8.93900657957874,
    8.876645090919295,
    8.93249480940614,
    8.905276634131823,
    8.934866954718506,
    8.932147043812074,
    8.892230213816319,
    8.925639618025166,
    8.926842409739628,
    8.899449678542837,
    8.849163700767326,
    8.855557532903102,
    8.899606690923145,
    8.90867849112538,
    8.889434086661296,
    8.872678510495213,
    8.831446957579988,
    8.890914751839249,
    8.921650724639553,
    8.860997650671234,
    8.94206905053402,
    8.8566380564862,
    8.875140334400696,
    8.860234571694326,
    8.887068455827082,
    8.840372850274035,
    8.89227396574644,
    8.879672861115143,
    8.860409427940134,
    8.89301776605446,
    8.877771659034527,
    8.84506497964437,
    8.89368278166022,
    8.856513486700916,
    8.854482760350384,
    8.8602502616463,
    8.851807681807797,
    8.904143646372814,
    8.834212080237043,
    8.834872798774844,
    8.843320508225219,
    8.854678010602417,
    8.855266950055254,
    8.838996830094553,
    8.847131995714767,
    8.83989551283372,
    8.846218012829024,
    8.85209701124007,
    8.864389720773277,
    8.852455923893618,
    8.843913155656965,
    8.880267359037076,
    8.845272077370613,
    8.863890169973308,
    8.852636634056823,
    8.843436520990702
  ],